"","6","9","12","15","18","21","24","30","36","48","60","72","84","96","108","120"
"1",4.6,4.745,4.89,5.0175,5.145,5.2725,5.4,5.615,5.83,6.19,6.49,6.73,6.92,7.08,7.21,7.32
"2",4.48,4.52,4.56,4.6425,4.725,4.8075,4.89,5.09,5.29,5.67,5.99,6.26,6.48,6.66,6.81,6.93
"3",4.61,4.71,4.81,4.9275,5.045,5.1625,5.28,5.51,5.74,6.14,6.48,6.74,6.95,7.12,7.25,7.35
"4",4.47,4.54,4.61,4.72,4.83,4.94,5.05,5.28,5.51,5.92,6.26,6.53,6.75,6.92,7.06,7.17
"5",4.24,4.3,4.36,4.465,4.57,4.675,4.78,5.03,5.28,5.73,6.09,6.39,6.62,6.8,6.95,7.07
"6",4.02,4.05,4.08,4.195,4.31,4.425,4.54,4.81,5.08,5.56,5.97,6.3,6.56,6.77,6.94,7.08
"7",4.02,4.03,4.04,4.1325,4.225,4.3175,4.41,4.65,4.89,5.34,5.73,6.06,6.32,6.54,6.71,6.86
"8",3.82,3.81,3.8,3.865,3.93,3.995,4.06,4.28,4.5,4.95,5.37,5.72,6.02,6.26,6.45,6.61
"9",3.69,3.65,3.61,3.6725,3.735,3.7975,3.86,4.085,4.31,4.78,5.19,5.54,5.82,6.05,6.24,6.4
"10",3.19,3.225,3.26,3.3575,3.455,3.5525,3.65,3.905,4.16,4.64,5.05,5.39,5.67,5.9,6.08,6.24
"11",3.29,3.355,3.42,3.5625,3.705,3.8475,3.99,4.295,4.6,5.13,5.57,5.93,6.22,6.45,6.63,6.79
"12",3.22,3.31,3.4,3.5525,3.705,3.8575,4.01,4.32,4.63,5.16,5.6,5.95,6.24,6.47,6.65,6.81
"13",3.15,3.205,3.26,3.395,3.53,3.665,3.8,4.105,4.41,4.96,5.42,5.79,6.09,6.32,6.51,6.67
"14",3.26,3.34,3.42,3.55,3.68,3.81,3.94,4.23,4.52,5.06,5.52,5.89,6.2,6.44,6.64,6.81
"15",3.39,3.52,3.65,3.81,3.97,4.13,4.29,4.575,4.86,5.37,5.78,6.12,6.38,6.59,6.76,6.9
"16",3.35,3.44,3.53,3.67,3.81,3.95,4.09,4.385,4.68,5.19,5.61,5.94,6.2,6.41,6.58,6.71
"17",3.19,3.265,3.34,3.475,3.61,3.745,3.88,4.18,4.48,5.03,5.49,5.86,6.16,6.4,6.59,6.75
"18",3.08,3.155,3.23,3.3575,3.485,3.6125,3.74,4.02,4.3,4.81,5.24,5.6,5.88,6.11,6.3,6.45
"19",3.18,3.24,3.3,3.41,3.52,3.63,3.74,4,4.26,4.75,5.17,5.52,5.81,6.04,6.23,6.39
"20",3.19,3.235,3.28,3.3675,3.455,3.5425,3.63,3.845,4.06,4.49,4.88,5.22,5.5,5.74,5.94,6.1
"21",3.16,3.175,3.19,3.28,3.37,3.46,3.55,3.79,4.03,4.51,4.93,5.28,5.58,5.82,6.01,6.18
"22",3.09,3.12,3.15,3.23,3.31,3.39,3.47,3.69,3.91,4.38,4.8,5.18,5.49,5.76,5.97,6.15
"23",3.23,3.27,3.31,3.37,3.43,3.49,3.55,3.73,3.91,4.29,4.66,4.97,5.24,5.46,5.64,5.79
"24",3.27,3.32,3.37,3.465,3.56,3.655,3.75,3.97,4.19,4.63,5.01,5.33,5.61,5.83,6.02,6.18
"25",3.22,3.265,3.31,3.3975,3.485,3.5725,3.66,3.875,4.09,4.52,4.91,5.24,5.52,5.76,5.95,6.12
"26",3.18,3.245,3.31,3.4125,3.515,3.6175,3.72,3.95,4.18,4.62,5.01,5.35,5.64,5.87,6.07,6.24
"27",3.09,3.15,3.21,3.2925,3.375,3.4575,3.54,3.745,3.95,4.37,4.75,5.09,5.37,5.6,5.8,5.96
"28",3.18,3.285,3.39,3.4875,3.585,3.6825,3.78,3.965,4.15,4.48,4.78,5.04,5.26,5.45,5.62,5.76
"29",3.31,3.42,3.53,3.6375,3.745,3.8525,3.96,4.16,4.36,4.7,5,5.25,5.47,5.64,5.8,5.93
"30",3.44,3.555,3.67,3.775,3.88,3.985,4.09,4.26,4.43,4.72,4.96,5.16,5.34,5.48,5.61,5.72
"31",3.74,3.865,3.99,4.09,4.19,4.29,4.39,4.545,4.7,4.95,5.15,5.32,5.47,5.59,5.7,5.79
"32",3.81,3.905,4,4.085,4.17,4.255,4.34,4.485,4.63,4.88,5.09,5.26,5.4,5.52,5.62,5.7
"33",3.65,3.755,3.86,3.945,4.03,4.115,4.2,4.34,4.48,4.7,4.89,5.05,5.18,5.3,5.39,5.48
"34",3.52,3.59,3.66,3.7275,3.795,3.8625,3.93,4.055,4.18,4.4,4.6,4.77,4.91,5.04,5.14,5.23
"35",3.51,3.59,3.67,3.7375,3.805,3.8725,3.94,4.055,4.17,4.36,4.53,4.68,4.8,4.91,5.01,5.09
"36",3.61,3.7,3.79,3.865,3.94,4.015,4.09,4.2,4.31,4.48,4.62,4.73,4.83,4.91,4.99,5.06
"37",3.72,3.815,3.91,3.9875,4.065,4.1425,4.22,4.34,4.46,4.65,4.8,4.92,5.02,5.11,5.19,5.25
"38",3.59,3.67,3.75,3.82,3.89,3.96,4.03,4.145,4.26,4.44,4.6,4.72,4.83,4.92,5,5.07
"39",3.41,3.61,3.81,3.8625,3.915,3.9675,4.02,4.09,4.16,4.32,4.47,4.62,4.74,4.84,4.93,5
"40",3.58,3.655,3.73,3.79,3.85,3.91,3.97,4.065,4.16,4.3,4.42,4.52,4.61,4.69,4.76,4.83
"41",3.43,3.44,3.45,3.4725,3.495,3.5175,3.54,3.6,3.66,3.78,3.91,4.02,4.14,4.24,4.34,4.43
"42",3.5,3.475,3.45,3.4575,3.465,3.4725,3.48,3.52,3.56,3.64,3.73,3.82,3.92,4.01,4.1,4.18
"43",3.41,3.385,3.36,3.365,3.37,3.375,3.38,3.435,3.49,3.63,3.77,3.9,4.03,4.15,4.26,4.37
"44",3.33,3.31,3.29,3.295,3.3,3.305,3.31,3.35,3.39,3.51,3.64,3.77,3.89,4,4.1,4.2
"45",3.02,3.04,3.06,3.08,3.1,3.12,3.14,3.195,3.25,3.37,3.5,3.62,3.75,3.87,3.99,4.1
"46",2.9,2.88,2.86,2.8675,2.875,2.8825,2.89,2.945,3,3.13,3.26,3.39,3.52,3.63,3.74,3.85
"47",2.98,2.985,2.99,3.025,3.06,3.095,3.13,3.21,3.29,3.45,3.6,3.74,3.87,3.99,4.11,4.22
"48",2.85,2.845,2.84,2.865,2.89,2.915,2.94,3.02,3.1,3.29,3.48,3.66,3.83,3.98,4.12,4.25
"49",2.55,2.575,2.6,2.6325,2.665,2.6975,2.73,2.815,2.9,3.07,3.26,3.43,3.61,3.77,3.92,4.05
"50",2.58,2.615,2.65,2.6975,2.745,2.7925,2.84,2.945,3.05,3.27,3.48,3.67,3.86,4.03,4.18,4.33
"51",2.69,2.795,2.9,2.9925,3.085,3.1775,3.27,3.42,3.57,3.83,4.04,4.23,4.39,4.53,4.65,4.76
"52",2.74,2.875,3.01,3.1225,3.235,3.3475,3.46,3.635,3.81,4.08,4.3,4.48,4.63,4.76,4.87,4.96
"53",2.88,3.02,3.16,3.275,3.39,3.505,3.62,3.795,3.97,4.25,4.47,4.65,4.8,4.93,5.04,5.14
"54",2.84,3.01,3.18,3.3175,3.455,3.5925,3.73,3.935,4.14,4.45,4.68,4.87,5.02,5.14,5.25,5.34
"55",3.26,3.41,3.56,3.68,3.8,3.92,4.04,4.22,4.4,4.66,4.87,5.02,5.14,5.23,5.31,5.37
"56",3.41,3.54,3.67,3.7775,3.885,3.9925,4.1,4.265,4.43,4.68,4.86,5,5.11,5.2,5.27,5.33
"57",3.46,3.62,3.78,3.9,4.02,4.14,4.26,4.425,4.59,4.82,4.99,5.11,5.22,5.31,5.38,5.46
"58",3.63,3.8,3.97,4.0975,4.225,4.3525,4.48,4.66,4.84,5.1,5.29,5.42,5.52,5.6,5.67,5.72
"59",3.79,3.93,4.07,4.18,4.29,4.4,4.51,4.67,4.83,5.05,5.21,5.33,5.43,5.5,5.56,5.61
"60",3.96,4.06,4.16,4.24,4.32,4.4,4.48,4.595,4.71,4.88,5,5.1,5.17,5.23,5.28,5.32
"61",4.18,4.305,4.43,4.4975,4.565,4.6325,4.7,4.785,4.87,5.01,5.13,5.23,5.31,5.37,5.43,5.48
"62",4.61,4.725,4.84,4.885,4.93,4.975,5.02,5.06,5.1,5.15,5.2,5.24,5.28,5.31,5.34,5.37
"63",4.69,4.78,4.87,4.9,4.93,4.96,4.99,5.015,5.04,5.08,5.12,5.17,5.21,5.26,5.3,5.34
"64",4.86,4.955,5.05,5.0775,5.105,5.1325,5.16,5.175,5.19,5.21,5.22,5.24,5.26,5.28,5.31,5.33
"65",5.09,5.13,5.17,5.1925,5.215,5.2375,5.26,5.285,5.31,5.33,5.34,5.34,5.35,5.35,5.35,5.36
"66",5.04,5.05,5.06,5.07,5.08,5.09,5.1,5.12,5.14,5.16,5.19,5.21,5.24,5.26,5.28,5.31
"67",5.11,5.12,5.13,5.1275,5.125,5.1225,5.12,5.125,5.13,5.14,5.17,5.19,5.22,5.25,5.28,5.31
"68",5.02,4.995,4.97,4.9525,4.935,4.9175,4.9,4.89,4.88,4.89,4.92,4.96,5,5.05,5.09,5.14
"69",4.76,4.685,4.61,4.585,4.56,4.535,4.51,4.52,4.53,4.59,4.66,4.72,4.79,4.85,4.91,4.96
"70",4.6,4.52,4.44,4.4275,4.415,4.4025,4.39,4.42,4.45,4.52,4.59,4.65,4.71,4.77,4.83,4.89
"71",4.64,4.55,4.46,4.435,4.41,4.385,4.36,4.375,4.39,4.45,4.51,4.58,4.64,4.7,4.77,4.83
"72",4.42,4.34,4.26,4.245,4.23,4.215,4.2,4.225,4.25,4.33,4.41,4.49,4.58,4.66,4.74,4.82
"73",4.75,4.71,4.67,4.655,4.64,4.625,4.61,4.62,4.63,4.69,4.77,4.85,4.93,5.01,5.09,5.16
"74",4.43,4.405,4.38,4.3875,4.395,4.4025,4.41,4.47,4.53,4.66,4.8,4.93,5.05,5.16,5.26,5.35
"75",4.34,4.315,4.29,4.2925,4.295,4.2975,4.3,4.34,4.38,4.5,4.64,4.77,4.9,5.01,5.12,5.22
"76",4.31,4.25,4.19,4.18,4.17,4.16,4.15,4.185,4.22,4.34,4.48,4.62,4.75,4.88,4.99,5.08
"77",4.11,4.035,3.96,3.9475,3.935,3.9225,3.91,3.965,4.02,4.17,4.33,4.48,4.62,4.75,4.86,4.96
"78",3.5,3.46,3.42,3.44,3.46,3.48,3.5,3.605,3.71,3.95,4.18,4.38,4.56,4.72,4.86,4.99
"79",3.32,3.235,3.15,3.16,3.17,3.18,3.19,3.305,3.42,3.66,3.88,4.07,4.24,4.38,4.51,4.62
"80",3.19,3.2,3.21,3.265,3.32,3.375,3.43,3.57,3.71,3.96,4.16,4.33,4.47,4.59,4.69,4.77
"81",3.19,3.255,3.32,3.415,3.51,3.605,3.7,3.865,4.03,4.3,4.52,4.69,4.83,4.94,5.04,5.12
"82",3.39,3.495,3.6,3.705,3.81,3.915,4.02,4.165,4.31,4.52,4.67,4.78,4.88,4.96,5.03,5.08
"83",3.4,3.475,3.55,3.64,3.73,3.82,3.91,4.055,4.2,4.42,4.59,4.72,4.83,4.92,5,5.07
"84",3.57,3.715,3.86,3.97,4.08,4.19,4.3,4.45,4.6,4.8,4.95,5.06,5.15,5.23,5.29,5.35
"85",3.51,3.62,3.73,3.8225,3.915,4.0075,4.1,4.245,4.39,4.61,4.78,4.91,5.01,5.1,5.17,5.23
"86",3.64,3.775,3.91,4,4.09,4.18,4.27,4.385,4.5,4.68,4.82,4.94,5.04,5.13,5.2,5.27
"87",3.52,3.6,3.68,3.7575,3.835,3.9125,3.99,4.115,4.24,4.44,4.6,4.73,4.84,4.93,5.01,5.07
"88",3.34,3.395,3.45,3.5125,3.575,3.6375,3.7,3.825,3.95,4.18,4.38,4.54,4.68,4.8,4.9,4.98
"89",3.27,3.285,3.3,3.3475,3.395,3.4425,3.49,3.605,3.72,3.94,4.12,4.28,4.41,4.52,4.62,4.7
"90",3.09,3.06,3.03,3.0625,3.095,3.1275,3.16,3.27,3.38,3.6,3.8,3.97,4.13,4.26,4.38,4.48
"91",3.07,3.045,3.02,3.065,3.11,3.155,3.2,3.33,3.46,3.72,3.94,4.13,4.31,4.46,4.59,4.7
"92",2.9,2.925,2.95,3.0025,3.055,3.1075,3.16,3.29,3.42,3.69,3.93,4.14,4.32,4.48,4.61,4.71
"93",2.66,2.645,2.63,2.67,2.71,2.75,2.79,2.92,3.05,3.32,3.57,3.79,3.98,4.14,4.28,4.4
"94",2.62,2.57,2.52,2.5475,2.575,2.6025,2.63,2.755,2.88,3.14,3.38,3.59,3.78,3.94,4.09,4.21
"95",2.38,2.355,2.33,2.3525,2.375,2.3975,2.42,2.53,2.64,2.9,3.17,3.42,3.64,3.84,4.01,4.16
"96",2.36,2.33,2.3,2.345,2.39,2.435,2.48,2.63,2.78,3.07,3.34,3.57,3.77,3.95,4.11,4.25
"97",2.39,2.39,2.39,2.4325,2.475,2.5175,2.56,2.69,2.82,3.11,3.39,3.64,3.86,4.05,4.21,4.36
"98",2.1,2.085,2.07,2.0925,2.115,2.1375,2.16,2.27,2.38,2.64,2.9,3.15,3.38,3.58,3.75,3.9
"99",1.95,1.975,2,2.0525,2.105,2.1575,2.21,2.35,2.49,2.78,3.06,3.32,3.56,3.76,3.94,4.09
"100",2,2.045,2.09,2.17,2.25,2.33,2.41,2.58,2.75,3.05,3.32,3.55,3.76,3.95,4.11,4.25
"101",2.12,2.22,2.32,2.415,2.51,2.605,2.7,2.865,3.03,3.31,3.55,3.75,3.93,4.09,4.22,4.34
"102",1.99,2.04,2.09,2.16,2.23,2.3,2.37,2.525,2.68,2.99,3.28,3.53,3.76,3.95,4.12,4.26
"103",2.13,2.235,2.34,2.4475,2.555,2.6625,2.77,2.955,3.14,3.45,3.7,3.92,4.11,4.27,4.4,4.52
"104",2.16,2.285,2.41,2.52,2.63,2.74,2.85,3.04,3.23,3.54,3.81,4.03,4.21,4.37,4.5,4.61
"105",2.05,2.155,2.26,2.36,2.46,2.56,2.66,2.845,3.03,3.35,3.62,3.86,4.05,4.22,4.36,4.48
"106",2.03,2.11,2.19,2.2825,2.375,2.4675,2.56,2.745,2.93,3.26,3.56,3.81,4.02,4.2,4.35,4.48
"107",1.93,1.975,2.02,2.09,2.16,2.23,2.3,2.465,2.63,2.95,3.25,3.52,3.74,3.94,4.11,4.25
"108",1.86,1.895,1.93,1.995,2.06,2.125,2.19,2.355,2.52,2.85,3.16,3.43,3.66,3.86,4.04,4.18
"109",2.01,2.09,2.17,2.2675,2.365,2.4625,2.56,2.75,2.94,3.25,3.52,3.75,3.95,4.12,4.27,4.4
"110",2.1,2.2,2.3,2.395,2.49,2.585,2.68,2.855,3.03,3.34,3.61,3.84,4.04,4.21,4.36,4.49
"111",2.12,2.24,2.36,2.4675,2.575,2.6825,2.79,2.97,3.15,3.45,3.7,3.91,4.09,4.24,4.38,4.49
"112",2.12,2.22,2.32,2.415,2.51,2.605,2.7,2.875,3.05,3.34,3.6,3.81,3.99,4.15,4.28,4.39
"113",2.11,2.165,2.22,2.2975,2.375,2.4525,2.53,2.695,2.86,3.16,3.41,3.63,3.81,3.96,4.09,4.21
"114",2.16,2.24,2.32,2.3925,2.465,2.5375,2.61,2.75,2.89,3.15,3.37,3.56,3.74,3.88,4.01,4.13
"115",2.16,2.215,2.27,2.3325,2.395,2.4575,2.52,2.645,2.77,3.01,3.23,3.43,3.6,3.76,3.89,4.01
"116",2.16,2.19,2.22,2.2675,2.315,2.3625,2.41,2.525,2.64,2.88,3.1,3.3,3.48,3.64,3.78,3.9
"117",2.14,2.21,2.28,2.3425,2.405,2.4675,2.53,2.645,2.76,2.96,3.14,3.3,3.44,3.57,3.69,3.79
"118",2.12,2.17,2.22,2.275,2.33,2.385,2.44,2.545,2.65,2.85,3.02,3.18,3.32,3.44,3.54,3.64
"119",2.12,2.195,2.27,2.345,2.42,2.495,2.57,2.685,2.8,3,3.18,3.33,3.47,3.59,3.69,3.78
"120",2.15,2.22,2.29,2.355,2.42,2.485,2.55,2.665,2.78,2.98,3.16,3.32,3.45,3.58,3.68,3.78
"121",2.07,2.085,2.1,2.1425,2.185,2.2275,2.27,2.37,2.47,2.66,2.85,3.02,3.16,3.3,3.41,3.51
"122",2.07,2.085,2.1,2.1275,2.155,2.1825,2.21,2.295,2.38,2.55,2.72,2.88,3.02,3.14,3.26,3.36
"123",2.01,1.995,1.98,1.995,2.01,2.025,2.04,2.12,2.2,2.38,2.56,2.73,2.89,3.02,3.14,3.24
"124",2.1,2.12,2.14,2.1725,2.205,2.2375,2.27,2.345,2.42,2.57,2.71,2.85,2.97,3.08,3.17,3.26
"125",2.1,2.12,2.14,2.1675,2.195,2.2225,2.25,2.315,2.38,2.52,2.66,2.79,2.91,3.02,3.12,3.21
"126",2.15,2.19,2.23,2.27,2.31,2.35,2.39,2.46,2.53,2.67,2.79,2.9,3.01,3.1,3.18,3.26
"127",2.29,2.35,2.41,2.46,2.51,2.56,2.61,2.7,2.79,2.93,3.06,3.17,3.27,3.35,3.43,3.49
"128",2.55,2.595,2.64,2.675,2.71,2.745,2.78,2.845,2.91,3.02,3.12,3.21,3.29,3.36,3.43,3.49
"129",2.55,2.63,2.71,2.7475,2.785,2.8225,2.86,2.905,2.95,3.02,3.08,3.14,3.2,3.25,3.3,3.34
"130",2.62,2.695,2.77,2.82,2.87,2.92,2.97,3.035,3.1,3.2,3.28,3.35,3.41,3.46,3.51,3.56
"131",2.68,2.765,2.85,2.9,2.95,3,3.05,3.105,3.16,3.24,3.32,3.38,3.44,3.49,3.54,3.58
"132",2.85,2.965,3.08,3.1375,3.195,3.2525,3.31,3.37,3.43,3.51,3.59,3.65,3.71,3.76,3.8,3.84
"133",2.92,3.045,3.17,3.2375,3.305,3.3725,3.44,3.515,3.59,3.7,3.79,3.87,3.93,3.99,4.04,4.08
"134",2.97,3.085,3.2,3.2525,3.305,3.3575,3.41,3.465,3.52,3.61,3.7,3.78,3.85,3.92,3.98,4.03
"135",3.09,3.235,3.38,3.4375,3.495,3.5525,3.61,3.665,3.72,3.8,3.88,3.95,4.02,4.08,4.13,4.17
"136",3.18,3.285,3.39,3.43,3.47,3.51,3.55,3.585,3.62,3.68,3.74,3.8,3.85,3.91,3.96,4
"137",3.33,3.405,3.48,3.495,3.51,3.525,3.54,3.55,3.56,3.59,3.63,3.68,3.74,3.78,3.83,3.87
"138",3.47,3.515,3.56,3.56,3.56,3.56,3.56,3.555,3.55,3.56,3.58,3.61,3.64,3.68,3.71,3.73
"139",3.6,3.65,3.7,3.7025,3.705,3.7075,3.71,3.71,3.71,3.72,3.74,3.76,3.78,3.8,3.82,3.84
"140",3.64,3.67,3.7,3.695,3.69,3.685,3.68,3.665,3.65,3.65,3.66,3.68,3.7,3.72,3.75,3.77
"141",3.75,3.8,3.85,3.86,3.87,3.88,3.89,3.895,3.9,3.9,3.91,3.93,3.94,3.96,3.98,3.99
"142",3.85,3.9,3.95,3.96,3.97,3.98,3.99,3.995,4,4.02,4.04,4.06,4.09,4.11,4.13,4.15
"143",3.89,3.905,3.92,3.9125,3.905,3.8975,3.89,3.88,3.87,3.88,3.9,3.92,3.95,3.97,3.99,4.01
"144",3.96,3.99,4.02,4.02,4.02,4.02,4.02,4.015,4.01,4,4,4.02,4.04,4.06,4.08,4.11
"145",4.06,4.1,4.14,4.1475,4.155,4.1625,4.17,4.17,4.17,4.17,4.18,4.19,4.21,4.23,4.25,4.28
"146",4.19,4.26,4.33,4.345,4.36,4.375,4.39,4.39,4.39,4.39,4.39,4.39,4.4,4.42,4.43,4.44
"147",4.26,4.325,4.39,4.4125,4.435,4.4575,4.48,4.49,4.5,4.51,4.52,4.54,4.55,4.57,4.59,4.61
"148",4.29,4.325,4.36,4.3525,4.345,4.3375,4.33,4.32,4.31,4.31,4.32,4.33,4.35,4.38,4.4,4.42
"149",4.12,4.115,4.11,4.1,4.09,4.08,4.07,4.08,4.09,4.12,4.16,4.21,4.25,4.29,4.32,4.36
"150",4.07,4.075,4.08,4.0825,4.085,4.0875,4.09,4.11,4.13,4.17,4.22,4.27,4.31,4.35,4.39,4.43
"151",4.12,4.12,4.12,4.1075,4.095,4.0825,4.07,4.065,4.06,4.08,4.11,4.15,4.18,4.22,4.26,4.29
"152",4.06,4,3.94,3.9075,3.875,3.8425,3.81,3.805,3.8,3.84,3.9,3.96,4.03,4.09,4.15,4.21
"153",4.07,4.07,4.07,4.0725,4.075,4.0775,4.08,4.095,4.11,4.15,4.2,4.25,4.3,4.36,4.41,4.46
"154",3.85,3.74,3.63,3.5875,3.545,3.5025,3.46,3.465,3.47,3.53,3.63,3.73,3.83,3.93,4.02,4.1
"155",3.8,3.64,3.48,3.4125,3.345,3.2775,3.21,3.21,3.21,3.32,3.46,3.61,3.75,3.88,4,4.1
"156",3.88,3.795,3.71,3.6725,3.635,3.5975,3.56,3.56,3.56,3.62,3.69,3.78,3.87,3.96,4.04,4.12
"157",4.01,3.98,3.95,3.92,3.89,3.86,3.83,3.84,3.85,3.9,3.98,4.05,4.13,4.2,4.27,4.33
"158",4.2,4.26,4.32,4.32,4.32,4.32,4.32,4.31,4.3,4.3,4.32,4.35,4.4,4.45,4.5,4.55
"159",4.42,4.51,4.6,4.605,4.61,4.615,4.62,4.6,4.58,4.56,4.57,4.58,4.61,4.65,4.68,4.72
"160",4.49,4.465,4.44,4.425,4.41,4.395,4.38,4.365,4.35,4.35,4.36,4.39,4.43,4.47,4.51,4.56
"161",4.38,4.33,4.28,4.245,4.21,4.175,4.14,4.1,4.06,4.02,4.03,4.05,4.1,4.15,4.21,4.27
"162",2.44,2.84,3.24,3.2975,3.355,3.4125,3.47,3.5,3.53,3.61,3.72,3.84,3.96,4.06,4.16,4.25
"163",2.34,2.365,2.39,2.4175,2.445,2.4725,2.5,2.615,2.73,2.98,3.22,3.44,3.64,3.81,3.95,4.08
"164",1.92,1.95,1.98,2.0175,2.055,2.0925,2.13,2.22,2.31,2.51,2.7,2.9,3.08,3.25,3.4,3.53
"165",1.5,1.555,1.61,1.665,1.72,1.775,1.83,1.935,2.04,2.26,2.46,2.66,2.83,3,3.15,3.28
"166",1.03,1.125,1.22,1.3125,1.405,1.4975,1.59,1.77,1.95,2.27,2.57,2.84,3.09,3.3,3.49,3.65
"167",0.9,0.975,1.05,1.13,1.21,1.29,1.37,1.535,1.7,2.02,2.32,2.61,2.87,3.1,3.31,3.5
"168",0.73,0.825,0.92,1.015,1.11,1.205,1.3,1.48,1.66,1.99,2.29,2.57,2.82,3.05,3.25,3.43
"169",0.76,0.875,0.99,1.0975,1.205,1.3125,1.42,1.615,1.81,2.16,2.48,2.76,3.01,3.24,3.43,3.61
"170",0.8,0.855,0.91,1.035,1.16,1.285,1.41,1.665,1.92,2.36,2.73,3.05,3.32,3.56,3.76,3.93
"171",0.59,0.715,0.84,0.9825,1.125,1.2675,1.41,1.645,1.88,2.27,2.61,2.9,3.16,3.38,3.57,3.74
"172",0.43,0.58,0.73,0.9025,1.075,1.2475,1.42,1.665,1.91,2.3,2.61,2.89,3.12,3.33,3.5,3.66
"173",0.44,0.585,0.73,0.8925,1.055,1.2175,1.38,1.635,1.89,2.27,2.57,2.82,3.02,3.2,3.36,3.49
"174",0.42,0.57,0.72,0.8675,1.015,1.1625,1.31,1.56,1.81,2.21,2.53,2.79,3.01,3.19,3.35,3.49
"175",0.5,0.675,0.85,0.99,1.13,1.27,1.41,1.63,1.85,2.22,2.54,2.81,3.04,3.25,3.43,3.59
"176",0.52,0.66,0.8,0.9175,1.035,1.1525,1.27,1.47,1.67,2.02,2.32,2.59,2.83,3.05,3.23,3.4
"177",0.44,0.605,0.77,0.91,1.05,1.19,1.33,1.56,1.79,2.18,2.52,2.8,3.06,3.27,3.47,3.63
"178",0.41,0.55,0.69,0.815,0.94,1.065,1.19,1.405,1.62,2,2.33,2.62,2.87,3.1,3.29,3.46
"179",0.36,0.435,0.51,0.615,0.72,0.825,0.93,1.155,1.38,1.8,2.17,2.49,2.77,3.01,3.21,3.39
"180",0.38,0.46,0.54,0.6475,0.755,0.8625,0.97,1.195,1.42,1.83,2.2,2.51,2.78,3.01,3.2,3.37
"181",0.38,0.43,0.48,0.5675,0.655,0.7425,0.83,1.05,1.27,1.69,2.07,2.39,2.67,2.91,3.1,3.27
"182",0.19,0.21,0.23,0.295,0.36,0.425,0.49,0.67,0.85,1.24,1.61,1.95,2.25,2.5,2.71,2.89
"183",0.25,0.27,0.29,0.3475,0.405,0.4625,0.52,0.675,0.83,1.19,1.54,1.86,2.16,2.42,2.64,2.82
"184",0.45,0.495,0.54,0.6075,0.675,0.7425,0.81,0.97,1.13,1.46,1.78,2.07,2.33,2.56,2.75,2.92
"185",0.39,0.405,0.42,0.46,0.5,0.54,0.58,0.695,0.81,1.07,1.32,1.56,1.77,1.96,2.13,2.27
"186",0.54,0.57,0.6,0.645,0.69,0.735,0.78,0.89,1,1.24,1.48,1.71,1.91,2.1,2.27,2.42
"187",0.83,0.845,0.86,0.9025,0.945,0.9875,1.03,1.145,1.26,1.52,1.78,2.02,2.24,2.43,2.59,2.73
"188",0.63,0.65,0.67,0.7225,0.775,0.8275,0.88,1.03,1.18,1.49,1.8,2.09,2.35,2.57,2.75,2.91
"189",0.45,0.505,0.56,0.6375,0.715,0.7925,0.87,1.06,1.25,1.63,1.99,2.31,2.59,2.83,3.03,3.19
"190",0.83,0.935,1.04,1.1425,1.245,1.3475,1.45,1.635,1.82,2.15,2.44,2.69,2.9,3.08,3.24,3.36
"191",0.89,0.995,1.1,1.195,1.29,1.385,1.48,1.65,1.82,2.13,2.4,2.64,2.85,3.03,3.19,3.33
"192",0.95,1.135,1.32,1.4425,1.565,1.6875,1.81,1.985,2.16,2.46,2.71,2.93,3.12,3.28,3.42,3.54
"193",1.18,1.32,1.46,1.5625,1.665,1.7675,1.87,2.025,2.18,2.44,2.67,2.87,3.04,3.2,3.33,3.45
"194",1.19,1.295,1.4,1.465,1.53,1.595,1.66,1.785,1.91,2.15,2.38,2.59,2.77,2.93,3.08,3.2
"195",1.28,1.335,1.39,1.445,1.5,1.555,1.61,1.72,1.83,2.06,2.27,2.48,2.67,2.85,3.01,3.16
"196",1.04,1.075,1.11,1.15,1.19,1.23,1.27,1.365,1.46,1.66,1.87,2.08,2.28,2.46,2.64,2.8
"197",0.57,0.61,0.65,0.6575,0.665,0.6725,0.68,0.775,0.87,1.11,1.36,1.59,1.81,2.01,2.19,2.35
"198",0.28,0.33,0.38,0.4325,0.485,0.5375,0.59,0.7,0.81,1.03,1.24,1.44,1.63,1.81,1.97,2.11
"199",0.36,0.39,0.42,0.4625,0.505,0.5475,0.59,0.695,0.8,1.03,1.27,1.5,1.73,1.94,2.14,2.32
"200",-0.04,0.03,0.1,0.175,0.25,0.325,0.4,0.555,0.71,1.02,1.32,1.6,1.86,2.1,2.31,2.5
"201",-0.06,-0.04,-0.02,0.02,0.06,0.1,0.14,0.25,0.36,0.61,0.87,1.13,1.38,1.6,1.81,1.99
"202",0.09,0.09,0.09,0.115,0.14,0.165,0.19,0.275,0.36,0.59,0.84,1.09,1.34,1.58,1.8,1.99
"203",0.14,0.135,0.13,0.1525,0.175,0.1975,0.22,0.305,0.39,0.61,0.85,1.1,1.34,1.57,1.78,1.97
"204",0.11,0.115,0.12,0.145,0.17,0.195,0.22,0.305,0.39,0.62,0.86,1.11,1.36,1.59,1.8,1.99
"205",0.06,0.05,0.04,0.0525,0.065,0.0775,0.09,0.16,0.23,0.43,0.66,0.91,1.15,1.39,1.61,1.8
"206",0.04,0.02,0,0.0025,0.005,0.0075,0.01,0.06,0.11,0.26,0.44,0.64,0.84,1.04,1.22,1.38
"207",0.03,0.03,0.03,0.0525,0.075,0.0975,0.12,0.195,0.27,0.47,0.68,0.91,1.13,1.35,1.54,1.73
"208",-0.06,-0.08,-0.1,-0.095,-0.09,-0.085,-0.08,-0.025,0.03,0.2,0.41,0.63,0.85,1.06,1.26,1.45
"209",-0.01,-0.035,-0.06,-0.055,-0.05,-0.045,-0.04,0.015,0.07,0.24,0.44,0.66,0.88,1.09,1.28,1.46
"210",-0.03,-0.035,-0.04,-0.0275,-0.015,-0.0025,0.01,0.075,0.14,0.32,0.53,0.74,0.96,1.17,1.36,1.54
"211",0.03,0.01,-0.01,0,0.01,0.02,0.03,0.09,0.15,0.34,0.55,0.77,1,1.22,1.42,1.6
"212",0.01,-0.01,-0.03,-0.0275,-0.025,-0.0225,-0.02,0.035,0.09,0.25,0.45,0.66,0.87,1.09,1.29,1.47
"213",0.02,-0.01,-0.04,-0.04,-0.04,-0.04,-0.04,0.005,0.05,0.2,0.39,0.59,0.8,1.01,1.2,1.38
"214",0.11,0.125,0.14,0.17,0.2,0.23,0.26,0.335,0.41,0.58,0.77,0.96,1.14,1.33,1.5,1.65
"215",0.03,0.01,-0.01,-0.0025,0.005,0.0125,0.02,0.07,0.12,0.29,0.48,0.7,0.92,1.13,1.33,1.52
"216",0.03,0,-0.03,-0.04,-0.05,-0.06,-0.07,-0.035,0,0.14,0.31,0.51,0.72,0.93,1.13,1.32
"217",0.03,0.01,-0.01,-0.01,-0.01,-0.01,-0.01,0.025,0.06,0.19,0.35,0.53,0.72,0.91,1.09,1.26
"218",0.02,0.005,-0.01,0,0.01,0.02,0.03,0.085,0.14,0.3,0.5,0.71,0.92,1.13,1.33,1.51
"219",0.04,0.05,0.06,0.0875,0.115,0.1425,0.17,0.25,0.33,0.53,0.74,0.96,1.18,1.39,1.58,1.76
"220",0.05,0.055,0.06,0.0825,0.105,0.1275,0.15,0.225,0.3,0.5,0.71,0.94,1.16,1.38,1.58,1.76
"221",0.05,0.065,0.08,0.11,0.14,0.17,0.2,0.295,0.39,0.61,0.85,1.09,1.33,1.55,1.75,1.94
"222",0.09,0.08,0.07,0.085,0.1,0.115,0.13,0.2,0.27,0.46,0.69,0.93,1.17,1.4,1.62,1.82
"223",0.09,0.085,0.08,0.09,0.1,0.11,0.12,0.185,0.25,0.44,0.65,0.88,1.11,1.34,1.55,1.75
"224",0.09,0.08,0.07,0.08,0.09,0.1,0.11,0.175,0.24,0.44,0.66,0.91,1.15,1.39,1.61,1.82
"225",0.11,0.12,0.13,0.1575,0.185,0.2125,0.24,0.34,0.44,0.69,0.95,1.21,1.47,1.7,1.92,2.11
"226",0.1,0.08,0.06,0.065,0.07,0.075,0.08,0.14,0.2,0.39,0.61,0.85,1.09,1.32,1.53,1.73
"227",0.11,0.095,0.08,0.0875,0.095,0.1025,0.11,0.17,0.23,0.4,0.61,0.83,1.06,1.27,1.48,1.67
"228",0.17,0.15,0.13,0.1325,0.135,0.1375,0.14,0.195,0.25,0.41,0.61,0.82,1.04,1.26,1.46,1.65
"229",0.17,0.15,0.13,0.135,0.14,0.145,0.15,0.2,0.25,0.41,0.6,0.81,1.02,1.23,1.43,1.61
"230",0.09,0.07,0.05,0.0475,0.045,0.0425,0.04,0.085,0.13,0.27,0.44,0.64,0.84,1.04,1.24,1.42
"231",0.04,0.02,0,0.0025,0.005,0.0075,0.01,0.05,0.09,0.22,0.38,0.57,0.76,0.95,1.14,1.31
"232",0.04,0.02,0,0,0,0,0,0.035,0.07,0.19,0.35,0.52,0.69,0.87,1.05,1.21
"233",0.01,-0.01,-0.03,-0.0325,-0.035,-0.0375,-0.04,-0.015,0.01,0.11,0.23,0.37,0.51,0.66,0.81,0.95
"234",-0.04,-0.06,-0.08,-0.085,-0.09,-0.095,-0.1,-0.075,-0.05,0.05,0.19,0.34,0.5,0.67,0.83,0.99
"235",-0.07,-0.055,-0.04,-0.04,-0.04,-0.04,-0.04,-0.04,-0.04,0.03,0.15,0.29,0.45,0.6,0.75,0.89
"236",-0.05,-0.035,-0.02,-0.0225,-0.025,-0.0275,-0.03,-0.035,-0.04,0.01,0.1,0.21,0.35,0.48,0.62,0.75
"237",-0.14,-0.12,-0.1,-0.1,-0.1,-0.1,-0.1,-0.1,-0.1,-0.06,0.02,0.12,0.24,0.36,0.49,0.6
"238",-0.16,-0.16,-0.16,-0.16,-0.16,-0.16,-0.16,-0.16,-0.16,-0.12,-0.07,0.01,0.09,0.18,0.26,0.35
"239",-0.18,-0.195,-0.21,-0.2175,-0.225,-0.2325,-0.24,-0.235,-0.23,-0.18,-0.12,-0.04,0.05,0.14,0.24,0.33
"240",-0.25,-0.25,-0.25,-0.2475,-0.245,-0.2425,-0.24,-0.225,-0.21,-0.17,-0.11,-0.05,0.03,0.09,0.16,0.22
"241",-0.26,-0.26,-0.26,-0.25,-0.24,-0.23,-0.22,-0.195,-0.17,-0.09,-0.02,0.07,0.14,0.22,0.29,0.36
"242",-0.24,-0.245,-0.25,-0.245,-0.24,-0.235,-0.23,-0.205,-0.18,-0.09,0.01,0.12,0.24,0.35,0.45,0.56
"243",-0.26,-0.265,-0.27,-0.2625,-0.255,-0.2475,-0.24,-0.2,-0.16,-0.03,0.11,0.27,0.42,0.58,0.72,0.86
"244",-0.25,-0.26,-0.27,-0.2675,-0.265,-0.2625,-0.26,-0.225,-0.19,-0.1,0.03,0.16,0.29,0.43,0.55,0.68
"245",-0.24,-0.245,-0.25,-0.2425,-0.235,-0.2275,-0.22,-0.185,-0.15,-0.05,0.07,0.2,0.33,0.47,0.59,0.71
"246",-0.25,-0.26,-0.27,-0.2675,-0.265,-0.2625,-0.26,-0.23,-0.2,-0.11,-0.01,0.11,0.24,0.36,0.49,0.61
"247",-0.32,-0.33,-0.34,-0.34,-0.34,-0.34,-0.34,-0.315,-0.29,-0.2,-0.1,0.02,0.15,0.27,0.39,0.51
"248",-0.37,-0.39,-0.41,-0.4125,-0.415,-0.4175,-0.42,-0.4,-0.38,-0.29,-0.18,-0.05,0.08,0.22,0.36,0.49
"249",-0.4,-0.395,-0.39,-0.38,-0.37,-0.36,-0.35,-0.305,-0.26,-0.15,-0.01,0.13,0.28,0.42,0.56,0.7
"250",-0.43,-0.445,-0.46,-0.465,-0.47,-0.475,-0.48,-0.46,-0.44,-0.36,-0.26,-0.15,-0.03,0.1,0.22,0.34
"251",-0.48,-0.505,-0.53,-0.5375,-0.545,-0.5525,-0.56,-0.555,-0.55,-0.49,-0.42,-0.32,-0.22,-0.11,0,0.11
"252",-0.48,-0.49,-0.5,-0.505,-0.51,-0.515,-0.52,-0.505,-0.49,-0.43,-0.36,-0.27,-0.17,-0.07,0.03,0.13
"253",-0.53,-0.52,-0.51,-0.5075,-0.505,-0.5025,-0.5,-0.49,-0.48,-0.42,-0.33,-0.22,-0.1,0.02,0.14,0.25
"254",-0.55,-0.54,-0.53,-0.53,-0.53,-0.53,-0.53,-0.52,-0.51,-0.46,-0.38,-0.27,-0.16,-0.04,0.07,0.17
"255",-0.65,-0.65,-0.65,-0.6525,-0.655,-0.6575,-0.66,-0.655,-0.65,-0.61,-0.55,-0.47,-0.38,-0.3,-0.21,-0.14
"256",-0.63,-0.62,-0.61,-0.6175,-0.625,-0.6325,-0.64,-0.64,-0.64,-0.61,-0.54,-0.47,-0.39,-0.3,-0.22,-0.15
"257",-0.63,-0.625,-0.62,-0.625,-0.63,-0.635,-0.64,-0.64,-0.64,-0.62,-0.56,-0.49,-0.4,-0.32,-0.23,-0.16
"258",-0.71,-0.705,-0.7,-0.705,-0.71,-0.715,-0.72,-0.72,-0.72,-0.69,-0.63,-0.56,-0.47,-0.38,-0.29,-0.21
"259",-0.72,-0.695,-0.67,-0.66,-0.65,-0.64,-0.63,-0.61,-0.59,-0.52,-0.42,-0.3,-0.19,-0.07,0.03,0.13
"260",-0.84,-0.84,-0.84,-0.83,-0.82,-0.81,-0.8,-0.75,-0.7,-0.58,-0.45,-0.31,-0.17,-0.04,0.09,0.2
"261",-0.92,-0.88,-0.84,-0.83,-0.82,-0.81,-0.8,-0.78,-0.76,-0.65,-0.51,-0.35,-0.18,-0.03,0.1,0.22
"262",-0.68,-0.69,-0.7,-0.7,-0.7,-0.7,-0.7,-0.66,-0.62,-0.48,-0.31,-0.14,0.04,0.19,0.34,0.46
"263",-0.92,-0.92,-0.92,-0.92,-0.92,-0.92,-0.92,-0.89,-0.86,-0.74,-0.59,-0.42,-0.25,-0.09,0.05,0.18
"264",-0.76,-0.76,-0.76,-0.755,-0.75,-0.745,-0.74,-0.7,-0.66,-0.54,-0.39,-0.23,-0.07,0.08,0.21,0.33
"265",-0.76,-0.775,-0.79,-0.7775,-0.765,-0.7525,-0.74,-0.695,-0.65,-0.52,-0.37,-0.21,-0.06,0.09,0.22,0.34
"266",-0.76,-0.765,-0.77,-0.7625,-0.755,-0.7475,-0.74,-0.71,-0.68,-0.57,-0.42,-0.25,-0.09,0.06,0.21,0.33
"267",-0.71,-0.685,-0.66,-0.645,-0.63,-0.615,-0.6,-0.555,-0.51,-0.38,-0.23,-0.07,0.08,0.23,0.36,0.48
"268",-0.7,-0.71,-0.72,-0.71,-0.7,-0.69,-0.68,-0.62,-0.56,-0.4,-0.23,-0.05,0.12,0.28,0.42,0.55
"269",-0.77,-0.77,-0.77,-0.7625,-0.755,-0.7475,-0.74,-0.7,-0.66,-0.53,-0.37,-0.21,-0.05,0.1,0.23,0.35
"270",-0.76,-0.76,-0.76,-0.7525,-0.745,-0.7375,-0.73,-0.68,-0.63,-0.47,-0.3,-0.12,0.04,0.2,0.33,0.46
"271",-0.79,-0.8,-0.81,-0.8,-0.79,-0.78,-0.77,-0.715,-0.66,-0.52,-0.35,-0.19,-0.02,0.14,0.28,0.41
"272",-0.77,-0.77,-0.77,-0.755,-0.74,-0.725,-0.71,-0.65,-0.59,-0.45,-0.29,-0.13,0.03,0.17,0.3,0.42
"273",-0.78,-0.75,-0.72,-0.7,-0.68,-0.66,-0.64,-0.57,-0.5,-0.34,-0.18,-0.02,0.12,0.25,0.37,0.48
